,Project Name,Merge Scenario,Conflicting LOC,RefMerge Conflicting LOC,IntelliMerge Conflicting LOC
0,cassandra,56b979bec6c2d7602982baad622f52860baa0cb9,15,17,-1
1,cassandra,edffdf6dcc092780757e278d5df789653f20bf37,7,0,-1
2,cassandra,8e61e216a67304482f4373fb8b53012a25404026,10,-1,-1
3,cassandra,ac7df513ac63b8699382f59fa86f5fc72f6779db,7,-1,0
4,cassandra,56f6cd9fba57a879377113af11ed4303f3697e77,8,0,-1
5,cassandra,ae51f0fd12820707927803fdbe63581f33111d4b,249,-1,-1
6,cassandra,7976777bccbe8b90db7d41cb666bcb9060d78bd4,49,33,-1
7,cassandra,880b07c2e63f6e1dea92995a1baa14707e3c2e5e,13,-1,-1
8,cassandra,44c4e1f7874c962309a853fa2434a9dd4ae16aeb,435,-1,-1
9,cassandra,90f68a5f9439ed41e585e4946381c91ab1de6599,8,-1,-1
10,cassandra,d6beb0113f43233e4dc8b636328c3159ae61e969,100,-1,-1
11,cassandra,6f213727b678be4ee6ec350bd3ed1869db394ae9,20,-1,-1
12,cassandra,50608af522f54976254edc4fe49525fcb82abd71,81,-1,-1
13,cassandra,ec15c0fd5ff8f8fb2567f269dd8833cd5b7b62ae,70,-1,-1
14,cassandra,824d25a18b258f54bff69f415d9984fa04fda298,69,-1,-1
15,cassandra,da6268de3ef9ccaf3d2d9f98f4cf84a1cb696d95,46,-1,-1
16,cassandra,35a9b501b2f7b9c5818aa3a55be08762b0555650,21,-1,-1
17,cassandra,70303563e9796ccc87581f5d41071b624872815e,40,40,-1
18,cassandra,5069b2c0ffc3aa335523e7b598cae05ee50ded8a,624,-1,-1
19,cassandra,bba0d03e9c5e62c222734839a9adc83f1aec6f95,122,122,-1
20,cassandra,84fb7fa6f1b2f2771ba77a64f398cddd00bac914,4,0,-1
21,cassandra,19a547861ad6c68e4ce584ee1b9ffee66bd5042d,4,4,-1
22,cassandra,adc32ac836e90b8c4503030feb76ce031998ad80,61,-1,-1
23,cassandra,817f3c282debd8f00a7803bee4950cdc73ec7fcc,7,7,-1
24,cassandra,9815c46679ad14b038f0314a9b9611e099750724,183,-1,-1
25,cassandra,8ebef8e71a5ded0d5964e1ae315c9875db2e005f,12,0,0
26,cassandra,0db88242c66d3a7193a9ad836f9a515b3ac7f9fa,35,-1,-1
27,cassandra,594f1c1dfba44530e2b25f83a1e9d71f79aba7f6,3,3,-1
28,cassandra,c05d98a30b56fb8dd3924780150a631123ce0851,50,0,0
29,cassandra,12841938a0cd420d626749e91f5f696f26354b03,50,0,0
30,cassandra,fadf2e8392bc41e75d475f9c6a141059c9480f6d,17,-1,-1
31,cassandra,4f12c409267eb44cbf596193456c5a67a1775748,18,0,-1
32,cassandra,02e9846f1ab81d5533d1c9951b3de4855ca890c5,7,7,-1
33,cassandra,aa5c073249d05fceae00543dd91ca2f7985c264c,35,47,-1
34,cassandra,834031cc01d555714c15341ddbbd25243118cf96,11,-1,-1
35,cassandra,ef404053bf440c2d312d2f602d1aa64f623fb07d,176,-1,-1
36,cassandra,1a37992e9b4516f3d83394bda27d280ffb8b9255,6,6,-1
37,cassandra,7fa1577c2d968e10501ee3df1a10361056498b4d,7,-1,-1
38,cassandra,44f79bf2f7a3a05f802014492ecbec67c49c02d0,11,-1,-1
39,cassandra,702ec088f5f61106b41e128f3fb8f109da8cbe1c,11,11,-1
40,cassandra,31208d00d4d3e3d055dc544a30e71875aa3ccfd1,10,-1,-1
41,cassandra,39d7cf50ec09e0f3ac27229853ad4fe979e3507f,109,109,-1
42,cassandra,6ff56c30e0913b49291a5a61a49eacac8ee3eb28,24,-1,-1
43,cassandra,4ed9df6dfc2bb484c6fc5497a0bdc23dc076d04d,13,-1,-1
44,cassandra,6434e88ec3f5f17f429d3f6fce50f5f523b945dd,26,-1,-1
45,cassandra,d81a49076b694301fdc385af69b57f39a86a22d2,17,-1,-1
46,cassandra,875c1076784932a935874dc880a18030cfd711b0,6,-1,-1
47,cassandra,23bfcabfb37eee0cdabfdcfc46ed2c4b9709ccf3,99,0,-1
48,cassandra,5777013368fd549bf603d1a108bb2dad714c8b55,16,25,-1
49,cassandra,64f12ab2c82aea80bb8afdc0bf6b72fa706c0ff5,73,77,-1
50,cassandra,d1bd71c4ea5e02d53bfcd99d5fb390d3ee18d17c,39,39,264
51,cassandra,8458e4e30744e8df6fcbe12aec286db047411385,23,0,-1
52,cassandra,561b07e29c8646176bde5d3eb40b4083fb079ac4,53,53,-1
53,cassandra,2764e85a557c140f44ffc08c09e4b06a61e1ef4e,139,139,-1
54,cassandra,e06dae81fb08870ef6a6596b1557b88fc7762302,27,-1,-1
55,cassandra,f000ff08fde7a9b477d26ca1eea9bbe550564090,23,-1,-1
56,cassandra,4aaf2b34f0ed76523e738937125598f63651354b,12,-1,-1
57,cassandra,ea145709abbe9342d3ae82ca420edf72c313cc91,337,337,-1
58,cassandra,e0c6a9eca074f1be00ef60131f4db40cc4ea5307,360,-1,-1
59,cassandra,5a5d0a1eb46dfa308acc9cff28f8c65fbb026b81,30,-1,-1
60,cassandra,baaf7461609065954718ad58366798e138a227f9,21,21,-1
61,cassandra,b8f201172ee8511d745b83940b991f8586cc1a4d,17,-1,-1
62,cassandra,0541597e792cb43ef019db7257e66da8671beea4,40,50,-1
63,cassandra,841a80311c95b05b69e57971deff9aba03c5f5d2,24,-1,-1
64,cassandra,72cb851e5db44b3e18f4956c315803644104f8ab,38,38,-1
65,cassandra,b0448e66b567bb8dc80acb1cb9c66bbf8b5f461c,96,81,-1
66,cassandra,11de522b5c2d98baa7d73ecace9935097ae8ee10,26,26,-1
67,cassandra,fdd2cd0a90c5c087c5f3194362eeff57a351a539,32,-1,-1
68,cassandra,6982aaad85451711a8257a0046b6fc6f17db0b7c,13,-1,-1
69,cassandra,53339a078f905368c30ec41849c6e11d1d06c74b,11,11,56
70,cassandra,1e25d198343d23dfe98663dabba19dc2219ca7ba,11,-1,-1
71,cassandra,10207793da3f8bfaa1348c70f21be744724bd54a,25,0,45
72,cassandra,a65cbdf3211fec82ba2fa2e1788ad850b762ec7d,12,12,57
73,cassandra,9562154d44e319470d8562534d2bb973d1bdf408,13,6,-1
74,cassandra,6ff7c9ce98eb937c6e2347df9af1d36364eeb184,14,0,-1
75,cassandra,44164bc3ab80db1abe2918245faecce92f2ce74a,12,-1,-1
76,cassandra,2aa834265ba76fe0e161ce9fdb612df045dcd576,46,-1,-1
77,cassandra,36394542e6e350b49396ed1b09fecdaba76aece8,21,-1,-1
78,cassandra,57d56bd1c2ce28722667221b553a8f505d9eee77,35,0,0
79,cassandra,1b876bc6004356295ad64257f63718d099a3aaf7,32,32,0
80,cassandra,b1f2d14f4484ba9d6f4a84d7e0daef600fdcb7db,7,7,0
81,cassandra,5d918b8fc0b90771caef586ce3b268c10b0d645a,9,-1,-1
82,cassandra,45dd5d178f0c817c2ef1908c8b8c1563a2bf3cf1,14,0,-1
83,cassandra,9c3b967e7186c1c3b6f1c25c627e770187020344,53,-1,-1
84,cassandra,7636a6b860cddb614b92721b9886fdbeb23887f9,16,16,-1
85,cassandra,32bc8b0b182176f0132522f821a1b13919efc63a,355,-1,-1
86,cassandra,6932bd879857b3b603c2d0ee284f26426b68fe6a,6,-1,-1
87,cassandra,0c59c1f5bc5a852c8023ec0b63a6d992dc0e1955,67,-1,-1
88,cassandra,83e378737888ad47931ac713b50188f77da2ff56,6,-1,-1
89,cassandra,58599a9a0793e8ec9ebd73e3ce9616f81783ff2c,21,-1,-1
90,cassandra,2d7fec94f13dd8a7d2b14179fc89202413bdcbf7,8,-1,-1
91,cassandra,9befa3766679066d77f51a5782ce5fdfeba2c6e1,49,25,-1
92,cassandra,efc57cdfe262c78db82ba029f5ba7f9294c38c04,10,-1,-1
93,cassandra,21a915cd7148d03e9bbe32d68395d7b04dcfc55a,42,24,-1
94,cassandra,0276c2aab72c7b18b9015b0491013d958dafc46a,16,0,0
95,cassandra,c799a98f0a454010cb3a63c874c404d1d2c79048,32,-1,-1
96,cassandra,4f9c9ce55fd9993d06bf6dc4d9193e973fb8515f,21,-1,-1
97,cassandra,730cc60640a683ef455c1b8856e4ed8fc39a460f,39,-1,-1
98,cassandra,52191ebe33d82bf89a57f019c026c88a8d82ee55,7,7,-1
99,cassandra,8e115dac94e99eaa890212f8e2e008b3fb1b449e,6,6,-1
100,cassandra,6633421ddeca4bb535f22a251605a04f0f870487,25,25,-1
101,cassandra,83e6820317eb1705c72d6ea1b3ef3937897e6106,9,9,-1
102,cassandra,ce3053a23f7689086ca704242ced73687b3c0318,110,110,-1
103,cassandra,69d4322b68b72b8550e8184185c887593b686fa7,5,5,-1
104,cassandra,abd528a0f5ea979ebfc485f03f64085f6affca41,42,42,-1
105,cassandra,3b3570c8ca02031d2e3ef1687356bfc7d211bbb7,4,0,-1
106,cassandra,cd9da447b644744ec344b9d763574e49da29b470,90,90,-1
107,cassandra,96866ce53fb2750217305e881b284851958f4728,12,0,-1
108,cassandra,33297bad040c660c8cd5ea6378189fffb100b0ab,44,49,-1
109,cassandra,9c6cf3cdf4267b4aebb0f432d0776314f3c40c8c,32,0,-1
110,cassandra,739f9ce380917be5c1a839d132903479c4c7aa0c,18,0,-1
111,cassandra,a7208383fba67fda025d354c66491c668887602a,33,33,385
112,cassandra,eac7781e7c429ac25b56ddc2ec20bc34f3244df6,18,18,-1
113,cassandra,6826888be8604b3336e994c18f4c0e51f393d071,20,0,-1
114,cassandra,98acdb8dd12d295ad8c61a460947f581174550de,7,-1,-1
115,cassandra,1d285eadadc14251da271cc03b4cf8a1f8f33516,5,0,-1
116,cassandra,24e4210a4f7e6d18346aed6114c39e85a115dc6c,9,-1,-1
117,cassandra,fa592a46bda084c7ec5579698c2a9e159923ddf3,14,14,88
118,cassandra,9873960f3b0d6ba6330f7f6a05102c267c5ef615,12,12,-1
119,cassandra,35af28e550cd80be7df36283fe283454977a2a37,12,12,44
120,cassandra,ad9f51fc5cc87ff744eee0ceb4abb05f5f3a3e24,8,0,-1
121,cassandra,3648549a96d367f11b15e743bfc16972c07c2d9e,18,18,0
122,cassandra,8da134377a04614a5343ccf3eb211e8c48dd90fa,18,-1,-1
123,cassandra,59600625fe3c3e6bb45df8151891d518151a4ce8,76,76,88
124,cassandra,d5d1adb4407f226c23257c300d9184c0abe32aa9,25,48,-1
125,cassandra,63a1e987f75ce9ef2c5d0ca2f35965c43ee086f7,150,150,-1
126,cassandra,a26ac36a76b02d16cee04cc8d6bd0996e6760a3e,7,0,-1
127,cassandra,4626fc439572a4dc93f1b809929175d0b099763e,75,75,90
128,cassandra,5001e982a6543562de65f5c935eb0c80d30605b8,146,146,94
129,cassandra,c8f596ac8dd2b2a1a700b9cdd9738361a7cad126,5,0,-1
130,cassandra,025c07efd886a048c1c66f653e8411fb1d2912de,5,0,-1
131,cassandra,fbe4df5e22fed6ca063509f18053c647cd58537e,8,8,-1
132,cassandra,9141f7ba737c46fe65279b84a09a8adfdae8a0dc,10,0,-1
133,cassandra,8480fa7be1bbf54c526d76aeee7ecb07c417db6d,10,-1,-1
134,cassandra,86b6ec529979ceeeb2ae15704b82f18beb1258b2,15,-1,-1
135,cassandra,94f25ce15923e9a790a01a8210e141606f9091a4,71,71,-1
136,cassandra,4f4b5dd1ec32b986aaad9ffec5b7313624b418fa,37,0,-1
137,cassandra,a2c3476ba3cc6677220464ba03a07ceafa1f0a2c,11,-1,-1
138,cassandra,a811dd0e9a51b72d166d892e9940fa9c258b9da6,102,102,-1
139,cassandra,64e46285f6bf3a058fefad73d2a605c6dfe68031,18,18,39
140,cassandra,082bfc9ee6dc6db5314b0262430d3c8b8435a3a3,4,4,-1
141,cassandra,6acbb33fa4191e60d5e9cdd58f815dea7c2ff616,21,0,-1
142,cassandra,2c7622a65ce747819931bd52bc576a4cd055ba3d,9,-1,-1
143,cassandra,66b3b2bf08577e7a6256318f1fc42e91b0c5d232,10,0,0
144,cassandra,60079af67ddfdf2528d205f36f62667a4fc6aa73,18,18,-1
145,cassandra,05b2ae84c07f906d0e66cb0718b165381c9898aa,20,20,-1
146,cassandra,eefa14f6c61089a20e9b6fcb269874372716c6ec,13,0,-1
147,cassandra,74ac6e8962298f4f04c18803d281293a594b7cee,8,8,-1
148,cassandra,7e0f7a0ff5ab637624938067bf1f2593077eecd2,14,-1,-1
149,cassandra,5b80b97ded51bcc2bb0cb0a2f3dc0616d0ed4a30,6,0,-1
150,cassandra,3d93053200adc722101958db19d895f6b390f160,8,0,0
151,cassandra,143372bf7cba1ec25cfc08c5396ba0382b96b2c2,62,54,-1
152,cassandra,55d8da44bc270c1dcaef013dec287e9cb9b6865f,7,0,-1
153,cassandra,9a6ae96af725e307d05332554f221c97e10647d1,9,9,-1
154,cassandra,813da911b9b4ba53b4da9714f3b37e76687d2904,20,20,-1
155,cassandra,fe4247e589714d9ea183187c0538b6446f16ffca,34,50,-1
156,cassandra,39bdb2be978b490c9b64068a67e812c07b63dca2,7,3,-1
157,cassandra,8bbb6eda66412bdf347e302d5677538b82d26948,30,17,-1
158,cassandra,5c112047f8b47de3b400d96e2d5533cd8004b3bf,23,8,-1
159,cassandra,fac3042db80ff4129c04bc54204f5e02458e81e8,4,0,-1
160,cassandra,c17fb60c953031f5f862aa049801a1fe40a5411a,8,40,-1
161,cassandra,fd888bcbcce2fda02c636e9b6d45cae9097180ca,21,21,-1
162,cassandra,bef7146c73ff986f01da8b8674b2f860d0e5e201,16,-1,-1
163,cassandra,9c17189b78f75b33d8c66f236da2d45840c2d30f,13,13,-1
164,cassandra,d8062cd823bd0552177bd72252b6abbb8f1a7acb,17,17,-1
165,cassandra,43e61e8af704b3353c354629254fb7c16e6a218a,14,14,-1
166,cassandra,8c03c83edf3d5b1ca54739bd7c9981d25659ec1c,38,38,28
167,cassandra,392be16b68c556cb372b60180ba093d052de46d9,14,0,0
168,cassandra,2c6a5c000f19a07909f4cecef3f14e33457cdfec,77,0,57
169,cassandra,2f248b3f905380347cf45652462d1fc5989ee8d0,8,8,-1
170,cassandra,a1e594bfb8833e2d73401c456fa5cb31b7ecdea5,10,7,-1
171,cassandra,9bb16c3c9420007f6ce2d7cda0f6000e498aba98,31,29,-1
172,cassandra,dccc91db026114a88c15e23e96232669530c5ef4,14,88,-1
173,cassandra,c374aca19ea39fbbc588a2309c669c422e0318cd,14,39,-1
174,cassandra,ef69bd532f066a7b78f10db093e266b3eff90ed6,9,0,-1
175,cassandra,ff7d341eff3e1342ac937c5e116de3ddbfcbae9a,8,0,-1
176,cassandra,4106f56945a8bc82762338ff1737d387abe0060a,20,20,-1
177,cassandra,b774eb14dd914521c91ea6e5a8b2121f528c45cb,6,0,0
178,cassandra,b3b7508cce7f9d3678c7847aeddd41334288168d,14,0,0
179,cassandra,fc1a7206fe15882fd64e7ba8eb68ba9dc320275f,30,23,0
180,cassandra,1e0d9513b748fae4ec0737283da71c65e9272102,29,25,-1
181,cassandra,7f117da0caf66715a82417b3f7e3a2b30d0f279e,12,27,-1
182,cassandra,624a7a02f8e1240aabdac3117db64d8f3a5da99b,28,28,-1
183,cassandra,33fda2db610202d7ed8e75afe6a0ac8e30003834,22,22,-1
184,cassandra,1c606bb8afaeca049eb610b6c9075e9efaea032b,153,0,-1
185,cassandra,5a9dd3d993082c5e458a2c00e612208f9dd1d13f,47,23,-1
186,cassandra,f810690a5da97f0d5c9f18fadc5b027a5390dc73,49,49,-1
187,cassandra,181f3736c4d04448be9336107454b6d569daf845,4,4,-1
188,cassandra,7b841aade2c7136b00f17815aa293fdbcdfac1dc,12,12,-1
189,cassandra,cdc57b3c36a3418ca2a97f1b9c7547a03b6ce57e,42,42,-1
190,cassandra,b9de5de235267154f6a6fea5f2ca6710c5efefc5,16,16,-1
191,cassandra,0d5ed281f323f8a653017289825e8dc391564b0c,27,17,0
192,cassandra,5917281000bf51d10ffade5ac357f9cbf81daee6,41,41,258
193,cassandra,d7066f460aba7765c91ccc96582a447252b78a7b,14,14,-1
194,cassandra,23d15ee4e03151ff9fef3acae06fc391a42894be,10,0,184
195,cassandra,3d0eb62313cc2ce1c58f5b0380a7641dbf4e25a8,46,46,180
196,cassandra,2156fb22e6455a0f7b5da34bbe9b7cca3ab9c037,6,6,-1
197,cassandra,1137f989b6f760deec1cf521bc1c501946eb6949,26,26,113
198,cassandra,076a0e4e78793a11b5be78e3eb592514b7fc0d79,11,11,130
199,cassandra,57f3adef3a389c767b9fcb49564a7165f0c554ea,47,47,104
200,cassandra,88b9d95165b5f83896be740bcfff260ff8e2009d,14,14,-1
201,cassandra,361aca59f9adc58b9b6b3af32e3e4647b6d86f4d,46,46,-1
202,cassandra,6d3ef440d127d6fe81d21b85357ebe6ccb43b747,4,4,-1
203,cassandra,789cd0696f05a48fa9dd8f64d5ae2a108bc5b9b3,14,0,32
204,cassandra,43123d1cc3d3f60ecdd90a7ce588cb71517bc9ff,47,36,-1
205,cassandra,6b02851b8da1611fde54405d56e6abc0a0ee4d10,22,99,52
206,cassandra,1b56ad122ee966757865e8de589d1d93af3f3242,25,0,0
207,cassandra,ad8ebc684a2e8226b88da80c98dd0e252a18dbb7,35,35,-1
208,cassandra,4c1b11bc35ed8770076742ad27e8374418e9970e,64,31,-1
209,cassandra,dafa548fdb677edb0abd8533c686dd0001e0b35a,15,15,-1
210,cassandra,39fdebfd4917c40647c5f7db834d351d235562a0,5,0,-1
211,cassandra,eed76ae9c3700649b0b9bdbed81865c86d5e0213,10,0,-1
212,cassandra,f223f5485aa4edcd7d7781f37c63dbba570748d2,75,104,-1
213,cassandra,1507ce8cd4c5c9896a4923d9e0a74d85b6a83184,130,142,-1
214,cassandra,485c878983ad6e218553544456e48b91d623c1c4,41,41,-1
215,cassandra,4f1e5e2886ec13953069b579c71cc00a0dd0de8f,16,0,3743
216,cassandra,6e8c237116e59b50cc415a8cf615db1b8ac84f54,29,0,3653
217,cassandra,6564b33c76df99152f48f2408938c4af439f9344,48,38,22
218,cassandra,83049502795d83a498c2c0d22b6042de64eb977f,6,6,3597
219,cassandra,073038c84bb0015cc93af3e8b69045d3b32091bb,14,9,10
220,cassandra,bd9e40215405fa7cd553ac88384754f9b5cd8521,6,0,0
221,cassandra,5c7ccb033827f4d041f9e6ff2e4641163362f819,6,0,3557
222,cassandra,e467533816409e2446de1197260623461614481d,12,12,528
223,cassandra,9a336a192f290ccdb1d8d636f5a22539cb91b5b5,22,22,522
224,cassandra,269da55a9eea420683f4ae91a4335390d631760c,51,71,0
225,cassandra,c671921c247c5dda2a38ebf4fd52e47e860885c8,5,0,-1
226,cassandra,ef485a24f2e8f756c4665a36703eed372f01091b,67,67,-1
227,cassandra,17d69261d392d110b33232cf3882dabf0836097a,295,103,-1
228,cassandra,f5f96c178d0ad2b7181ae07b307e38cdc6bdb9dc,29,12,-1
229,cassandra,aed84475a51d8a4c710f6dd5e7d8d530bfdb1382,29,12,-1
230,cassandra,e247bdd15f87b4262502cb0a0fb154392a1693ff,39,0,-1
231,cassandra,605457a895d27b3f00f238b8f015f0d59410d452,39,0,-1
232,cassandra,205dd7ef990fa34e844312bc75aea27ebbd4a4ad,12,12,-1
233,cassandra,b23b59f4586632d49c2dfb6e579a310b0f9c4e2f,4,4,-1
234,cassandra,6e623145cc55a4b911355488ae989e7e42945d21,8,8,-1
235,cassandra,65c9e3ba80e0b38bb7cb0979d40feeeca6d72fe2,12,0,-1
236,cassandra,c49a01b5b927554473a88f37678965981d530621,11,11,59
237,cassandra,7d71c3991b411fadf9e3c0ac095c212596c56af0,6,6,104
238,cassandra,a9cbaae12d4d1cf961e18829c1631c6ea33240ef,37,37,66
239,cassandra,f72f587bb79ee280fa12d6cda2598dcf6b815c9f,68,42,6
240,cassandra,7207ad4ec8516297e1f27a42e8606176193bf305,25,25,27
241,cassandra,6309c22de2140039b84f24fd338eed383738ade1,14,0,12
242,cassandra,9022871ee066a80bd3261268a3c39c741595a7a7,18,18,0
243,cassandra,00a0df163fe496ee4991c1d905d9fd277d63cd4f,6,6,6
244,gradle,95f14b31b75f2d80fc3b13ec6f64581d0346153f,27,27,33
245,gradle,b47042bae022a79bb8396a7113962a2bbd4416b0,28,0,-1
246,gradle,ba2387765d8d7a979aa78fa6beb98d1b110d9bae,12,0,39
247,gradle,0c600dfdeb2eaefc55ae9d09e931f6e4f8dd55d0,23,0,33
248,gradle,b5ea896e79e43371415abcf92187ad7f18451070,94,94,170
249,gradle,48ecde623b2635ff9344efbc06d48cd3d514c45f,6,0,121
250,gradle,f351cb505b6000c7d89ca32d6c28e2ef5bf341cc,18,18,42
251,gradle,e19809bf582f3b5361400262a7fc955e6a43785d,13,0,3
252,gradle,109e617f6a02c8312793af935f6ebb7dd0b4cbb7,31,31,39
253,gradle,a414d62904116ee7e8e17759fb35548055525479,30,22,37
254,gradle,cb9627a054a5dabab18e43764eda9ceee4ae6905,18,29,-1
255,gradle,172020647c6942a19b4ad1fca3bb080057ad852d,6,0,263
256,gradle,e9c838dad6c9eef611aabb9c9a8d1974a000ba5e,5,5,-1
257,gradle,9b041cee70bf2f0f7e1e1f4bf7e99861337a614e,5,0,307
258,gradle,04e230c7615f12e886d5090d25574db6ccdc8951,20,20,73
259,gradle,7f0fc51180ada1c9255afff73098e9cf7c7da253,13,13,89
260,gradle,d1cb68a3e34e3f721a7127d693115b9a6b0ee016,22,22,46
261,gradle,d667800bea049bcf9efae3bd2f7c6b4ca16587d5,35,35,63
262,gradle,d4e8375404ba14f432a9d29ad98d3eb0c97631e6,4,4,-1
263,gradle,c71da58c9d5a62ef9f0a16e7dd4935c7494193fe,4,0,1049
264,gradle,22455afaa2196fbc51160bf90ff21029daa3f960,11,11,72
265,gradle,af9a7691e5c3d5964f62e2eee04ff97b32818445,22,22,76
266,gradle,01422951cd71eabbdc5531e05e79c71795173848,10,10,3
267,gradle,29694b6daeba45ef36d9549272269e50f377be7c,48,0,33
268,gradle,f63e04b3c07e84c2b32ef85c80d57849b22cd4c8,12,12,8
269,gradle,9a5f6bcc4391acaede8796f96917775ea25e7fbe,28,21,101
270,gradle,b7b6d79d986626925ec6273c967853362ad766e9,6,6,27
271,gradle,5430f66bc278eb1036f33a68af5218a86e833b81,38,35,107
272,javaparser,2293927f5cdfe02f8d335ecc37055449ce67c746,25,25,95
273,javaparser,caf5b8cb738de9f6b48857fd91f18be0617e18fc,15,0,0
274,javaparser,31cf9e1365d59cade0bce29bd22eb58d0cf2c113,4,0,11
275,javaparser,404fb2732d6d929491229d84a67eb17551c27871,50,40,42
276,javaparser,f88d6ca56206a2c1f9e644ffda62ea32b3b5a584,6,6,5
277,javaparser,7a6972326c3d4ea8ae1d6ccc5e32ee3183a17728,17,15,45
278,elasticsearch,3da8ab6481b615fdc23fb7dab8fdb06176c4d9a3,47,0,-1
279,elasticsearch,45642472cb76c8f6da6c0c77fa641072a47bf014,6,6,42
280,elasticsearch,8c6a10f8b75e03906899b5dc241fbfb79364c80b,16,16,21
281,elasticsearch,25696f81f6805ceb3f9dc943182954d6b25dc724,47,0,-1
282,elasticsearch,eb8e03bc8bbc78bd9004ffdd901535becbe80714,11,11,43
283,elasticsearch,f24a2ebf2df3b3e98447ae241a5ebc7f984d4243,69,69,31
284,elasticsearch,5d59f91206909334282c63cb3125a15a33433df4,9,9,125
285,elasticsearch,f6b46db90ccfbcd0c25a90090172715cfd5186b6,9,9,125
286,elasticsearch,1f221154a6e198044953ed69978967a9a13cc87f,11,11,42
287,elasticsearch,2aae409508aeff987fa3d4639648a3465976aff0,28,28,28
288,elasticsearch,bd65ad5983ef44a889a05d381f37b2b170917374,11,0,-1
289,elasticsearch,d06a8903fdccf5985bb1b9cbfcb92580d08a544c,11,0,33
290,elasticsearch,eafd3dfc551719670abae2b49363c500adc8e55b,47,68,230
291,elasticsearch,481f7909aebec0d73502d61f703ddd8185cb3783,77,77,126
292,elasticsearch,27eab74510c8a556b3a8429c18f21876b0724a1b,73,73,14
293,elasticsearch,98fd5833cc5c20fb16aaead601789fb65dc232db,26,0,-1
294,elasticsearch,474fd2607346308674f65ce336af8fc3c125b53c,21,25,-1
295,elasticsearch,09df7379c59e75ff27cdef087748579a64a79617,59,59,104
296,elasticsearch,421ed1228b545a07db4710f0ee56959d70e64d45,40,40,116
297,elasticsearch,c1d44780675a9ff43e87a44f62969a0214928988,39,39,-1
298,elasticsearch,df03ed94a0e0e8efee9db64a34e06c084f598138,15,15,70
299,elasticsearch,8de24c2f9f87435224552f95e6a34987bc865522,7,7,26
300,elasticsearch,b3646f9bfc4996adf843f66bfb99f5ef4ea109c5,17,0,-1
301,elasticsearch,a46cf973880c9fe177fbfcb1e94967bb849e30f5,18,0,0
302,elasticsearch,5edb287d3a5e9e774698f3e8f610b0fcef9fb23b,49,0,-1
303,elasticsearch,cccc71f1e4adbb25c2563e1afb971fac95337777,11,0,117
304,elasticsearch,7f673fbdfd92a204b06a4ec307909a338d4721fe,71,66,109
305,elasticsearch,313e9c67697a8c6f0b332e2005a39cf69f68c3df,60,-1,161
306,elasticsearch,e44c026fa1a0a4059f3b7f129ee15035d6710376,17,17,36
307,elasticsearch,d6e0ab3a10b048be458ffccc6b14ae09dca2891c,19,-1,-1
308,antlr4,ccad5bd9bcb8bd3df866d0d89ea4040b23beca77,182,182,-1
309,antlr4,6d022379bcf9e8033f2ef9f67f7718f9f0662fc5,101,101,88
310,antlr4,ec6baaa0b6b978d7aae5ccd911810613a640778f,29,29,178
311,antlr4,e663f72227867916844671bd91cc36b79f33cbbd,28,28,141
312,antlr4,06591c25df9592748ab5c0e750be841c969e5566,6,6,372
313,antlr4,201db8b6d0c1b4072fe1df0e71e72783f0c3b757,20,0,72
314,antlr4,2d62b73a14f360a14ad51162e82f923453082d8f,6,0,19
315,antlr4,492980de71f30014fd5d4c23712cc18abfbc8555,16,16,69
316,antlr4,4627d3427c413cef2542b2fbee699e60bdf970b4,18,18,161
317,antlr4,7bdca13f1a8db8691358c7a1697f48b42acba778,38,38,174
318,antlr4,25046d23e6096e15ce9293f2863b1cf8b01de0be,16,0,126
319,antlr4,d06687f3ea133c53fdf705ed6b33c3de32b2eeed,7,7,133
320,antlr4,82ce1564f86fdeed6e0beafb9649c4400cbd75de,4,4,55
321,antlr4,0a6ae1edaf90329834fc8b39bd9cce1c8e104e91,6,0,169
322,deeplearning4j,cf2d7fe04e3ac61635fde9d315015cb57a241616,5,0,3
323,deeplearning4j,09aeabb2b1db43d38d7646477e81a68e1f684842,39,0,25
324,deeplearning4j,cdc204a945b004cd05f998c39b8f821d398bb90f,6,6,48
325,deeplearning4j,560b4fa325daf0c1e6c6f2edf3a62a9368151f88,10,0,135
326,deeplearning4j,13ef70733f155e7b6fa0b992afc62ff6c3345779,32,32,205
327,deeplearning4j,70f9a2365090e999da9aed9ace3359daad1eeadf,56,56,179
328,deeplearning4j,ded24c7a894da820a12de5af2cfa77a401838d4e,56,56,179
329,deeplearning4j,4263c492896838493f5f762995d96bfe07692a7d,45,0,196
330,deeplearning4j,3e6479ccf7b148f4009f14a3230e79c126c23e1d,45,6,196
331,deeplearning4j,d73efd11e54a2cd0735b9843cadad47c3da949e5,68,23,66
332,deeplearning4j,07b7b985c15776ee9e311fb8d4f30b766345e998,9,0,36
333,deeplearning4j,6840bce7ee64dc0518e3c7005d1d8c9f1f181e40,15,13,33
334,deeplearning4j,afc06144db939dd40a5bcce96605867bacd36bfd,15,13,33
335,deeplearning4j,5b7397b413e37d15776e506d6cdbba3588bf424c,14,14,22
336,deeplearning4j,c43fda40c6139b5beb2e489e62e2f0a3d61e336d,14,14,22
337,deeplearning4j,fc6b56fc64ba5c69f195e443f4e5edc4255e1aba,7,7,0
338,deeplearning4j,6c2853248afe9f0722fb2acad5551f687dc27e52,7,7,0
339,deeplearning4j,d9b6077c91809f0596da91bde043a16cb938092b,4,4,15
340,deeplearning4j,f28b61b7737b33feb0a8f7e10f94c05268f52f4d,20,20,525
341,deeplearning4j,33fcc8f1f6b6752db43e2d1dda5719300ebcc84f,20,20,525
342,error-prone,e55275fc6df6b1b6b6e56a3c905da8dbea05d4df,7,0,5
343,junit,bb13feee21bc4a77513d50d6855c4396db9f0609,134,134,120
344,junit,2238ad20fefadf546a71725f46a6dc463c9d58ad,34,0,0
345,storm,57a50f36df058937587cc08d81c235efc8dc720a,27,19,375
346,storm,672c3c002d0fc88de846ec4bdb98898e4104825d,38,38,6
347,storm,6c0f4f01aaef6c7a728db45c6d1b3726f2da1ab9,7,7,30
348,storm,31b4959475f8d09d2e9dd90856a1941adcc94e8c,13,13,984
349,storm,a2502c3bc3bcd4caf3800bb645058abb61d2a071,13,13,232
350,storm,9b41ddfd599f6b0538095ee43fa8cf72d8f96d03,11,11,178
351,storm,1a1df087c1a0f2e15c5e670d8192d66d12d1bae8,32,32,32
352,storm,d3c6a1b1e8d03297cdca95f9244d7c49a590e3fa,16,16,8
353,storm,b0f6e00e859d36f6c259345a1da8a205e6475c4f,12,12,21
354,storm,6589ab56b351809ce50aef18f1b0246ba6383c48,4,0,0
355,storm,3dc29e0dfde9923b54239714f5d7333cd1d11495,125,33,25
356,storm,9c14f8f3e0ea28b994f9b77b4f97f81bf4908a78,12,12,27
357,realm-java,495cb959b65e945e4c349ee9e47108595661bb1b,6,6,0
358,realm-java,dde9ab8c54a7970ed0c0b4e64c26d743302daa90,4,4,4
359,realm-java,f418aa87b17f276fe8afd535fa3093deaabae246,223,223,37
360,realm-java,8b4caccc85bab3a27f4303e40253ee0b8677b856,12,0,92
361,realm-java,3b029047078a82a8a8f8bc8a4215d5ef40d3817a,22,22,35
362,realm-java,237a9370d8b24027200e13301a1653ba0c29c2ad,20,0,3
363,realm-java,ec1da452efe3b8546608f429dc4199a19bfdbe1f,29,29,13
364,realm-java,26c34ba7f398e73a01baeaee27a64ff40260647c,12,12,57
365,realm-java,508bfba976662454b568852bf65cf68dcf1c58f0,214,214,237
366,realm-java,b98cc4d6e5188857fe8da4dc85f100107b22646f,32,32,28
367,realm-java,6b8d064d2c700c53491b5be1ed9cac5d5b655d6b,26,26,5
368,realm-java,b763f5499056e004d9260d5e074e4558dfdb58ce,50,50,16
369,realm-java,35963cd70d11fbd43d8cf7fe6e1d4d0391792c19,11,0,38
370,realm-java,be63664a9f8ace7b8dc34304f0b1feb7bf7b5c3d,63,63,6
371,realm-java,d91d3882cea093218f58fee8862ecbeb12c2a402,14,14,0
372,realm-java,c656ee3e2ca87287a12fda6479a2ab281910d97e,6,6,4
373,realm-java,9ed26cc3e07b19d289351ebaf570a0215ed7b8dd,37,0,13
374,realm-java,5d5b9d079f30a5de84393f5d6ea41279234e3a56,145,190,157
375,realm-java,4fde20dc38cc0aa4e2af4b6876e1d7e7d0cced63,154,154,8
376,realm-java,fa8bdaf6268eb55f38c3a1df17d615f82344b431,18,0,0
377,realm-java,acaa3d69828491ff07bb1167562bdcf1e6d30e5b,38,0,50
378,realm-java,aef2164f8c39de31bb6aa31c95319002871fa684,5,0,384
379,realm-java,013cfdf9bca71a1d57d5bcd360ebacd5c8949b82,78,78,20
380,ProjectE,cdfd4a4670b7bd3469b884b8c0981e03acc10b91,5,5,8
381,ProjectE,19fda554779650a41d0bd55f68a4959e2e22ad9d,44,44,162
382,ProjectE,330998de0ce30cac7cb65758b349cf6d60bd87c8,11,11,16
383,MozStumbler,9f82c9fcb06597240c07585976d735a260ef508f,18,0,9
384,cometd,74a15995932a98c5765d7854f0bae73ba765cc0d,65,158,65
385,cometd,727f93d908180c670b2a883febea7f31a2f55a02,64,136,76
386,cometd,50ca6d3acea96dcde7e09a9d31fc5f325f9c1579,17,17,300
387,cometd,08eb6699eadb4262feb8c463c6690539a53a549e,6,6,198
388,cometd,8e37ac6ef350288518e69d915409168e7333c31a,12,12,216
389,cometd,0a876e4d23b6a40ace1e1ec4c3639faa9eb64ed0,20,0,300
390,cometd,25a269ee8558a8e0098c1e7e24d7d93203cf35b3,101,0,197
391,cometd,63ac0675500ff2d918a5d30a415da0d209b46106,12,12,203
392,cometd,819180c2ab044591827f3db43be9f96f2f4731d1,4,0,207
393,cometd,ec8df470d53e55d038560ed1521c7944f5bf46c1,36,36,246
394,cometd,2c9452d096b60a8a121ffb5186e1654d544a3954,17,0,0
395,druid,8305355b32fdef6458a3843adb4a7d42e385c2e1,40,12,0
396,druid,cad7e4320a214998300818864a08c48d999bad5f,82,0,4
397,druid,1806ab31107a6f860f501dce7ab76ea5b307ebc0,82,0,4
398,jackson-core,94afdbd5c2f6be2806db4d65b9632b27363da696,29,11,506
399,jackson-core,47d39f4e7d803076aabcba6fb4fe25f428691da7,17,17,472
400,jackson-core,51f6851fa7961ce9b99ef9dbac5d563969dbb6b9,15,15,479
401,jackson-core,7f703036148700df8d5c4f4afa9d239611be8e13,171,0,428
402,jackson-core,94e067469e14e8115b78a2a2355e1669e1a4f1eb,8,8,355
403,jackson-core,aab65720b009b5a9586a1b7c49964c566f880c12,6,6,358
404,jackson-core,877ee0c7fba553f7250f1dc23ef6d7a020f26fcc,14,0,365
405,jackson-core,827d1fdb988db7204c7ded419f70909765480d52,26,26,372
406,jackson-core,4cf249c3f8b45a559025e3b7b2183bc899efbf79,84,84,330
407,jackson-core,1f35bbc2a4fdb2319686be93c969edee02454d47,4,4,343
408,jackson-core,fedaa991456f7dd631a806829084beab88e2a91f,60,60,375
409,jackson-core,e7d14deec91459d9670dca1d727f9855f84fb83d,45,45,398
410,jackson-core,15c6829b4db47e04fea85dad5a165ee2bdddcd67,1178,1205,117
411,jackson-core,3646d6de846b26877f798336a684664cfb9a8a70,12,12,211
412,jackson-core,aba2ad6e3bfaea1161833a3001cb24787e4e4431,8,8,4
413,jackson-core,2cf1932d631fd3040acd1fb280783fecf69808f5,29,0,46
414,jackson-core,46fbbd3b605e91f7b6455b1a62e235747215834f,6,5,6
415,platform_frameworks_support,503732d9f9d3f1ab71cab13201ee46dcc9ed4e82,13,0,96
416,platform_frameworks_support,7f9546154d845c1218d026ea51a9574dca07e719,37,0,74
417,platform_frameworks_support,9e20b6e0e4a97f6d3a2048a369c552b777707d84,42,0,68
418,platform_frameworks_support,7eea7a06981f361dadbc5eec8ac6368e9fde2975,24,0,255
419,platform_frameworks_support,7e3fe17cea03a5167af7076d2f295b259a33bc56,24,0,255
420,platform_frameworks_support,f474edb4e683df116adc7201a1fe7553d859bae3,10,0,11
421,platform_frameworks_support,68a8519b43a3724734442e92a516789f2f3a3dfa,5,5,32
422,platform_frameworks_support,525d40d253809e8226e5514386489720292b1fe0,8,8,-1
423,platform_frameworks_support,c96a7dcc08e1adbfbc40aa2b556ce0adf8ab406f,37,15,-1
424,platform_frameworks_support,94c757831486f559b2fa1f53a9d27fc461f7e1f3,34,13,-1
425,platform_frameworks_support,5c8f9f8e37e3ed6de297986a494f8041a1f2cd65,40,40,-1
426,platform_frameworks_support,38fbfcfc596215f2f05839fb30580fe30bf359a7,28,4,-1
427,platform_frameworks_support,5d5935f5d51849d4bf7e90a4e2b52e1a2567b1d8,6,6,-1
428,platform_frameworks_support,7b0f25f8662a0922ef6a0ba2a3ef469463c76ecc,66,66,146
429,platform_frameworks_support,c84d77667a4d3a814fa34c9b67abf41001f7ac06,29,29,-1
430,platform_frameworks_support,004aa3b09e57f572e7ea511a55534d8e485086fd,6,6,258
431,platform_frameworks_support,ba747ac60a883079492ac2594e462568df9fe438,53,53,313
432,platform_frameworks_support,209a3f062a9e93e2bfbe76d23bcce487f97caa7e,34,34,167
433,platform_frameworks_support,091cc0827997c4ad0a3037b28d13f0da1407a5ca,19,19,-1
434,platform_frameworks_support,c3dc93c0da3475b0fe06fff58828bb68522ad108,3,3,437
435,platform_frameworks_support,9626090103c594f2e8cb8841e7914bbb7fefaacb,26,0,17
436,platform_frameworks_support,5565f83a45955399ab158c58de34f53460dc614d,64,0,11
437,platform_frameworks_support,f59795a8f8f5b334774149d1e142d2e76df6e38b,145,27,43
438,platform_frameworks_support,7db67e8a96254a3ad0f42e5b074592e5c6a62f80,9,0,9
439,platform_frameworks_support,637b553689e5fbe8aea395853ea2d2646d17cd5f,20,20,0
440,android,d05d5ffe1a5b7a4f470afa541515a0b9c7eb9f59,110,0,9
441,android,92e8194f186d739ae6e6150b2cb526898811035e,6,0,32
442,android,10a12fb96085121482a500c55cd4784cd8970088,76,76,10
443,android,a7c4814e282520936a6e22055e66ac05438689dc,43,0,0
444,android,dcb985481be4b3c4e4e805b4aefebae00f9ad3e9,14,0,0
445,android,aae90eb1aa42a11449e30330e3e23e1e9e5eebb6,19,0,8
446,android,4db5295f560dc2cc5deefcbd2b6c397738003f6b,6,0,7
447,android,7c0accf714ec85a08c70747cf8d84dbada817a67,5,0,0
448,android,65f403bf994bd84d64eea16072b7bec479c0d525,229,0,39
449,MinecraftForge,9d71b667b65a023ed4664a8c501becdfeab780fb,6,12,23
450,MinecraftForge,d075daf00ed98379b6156e5a7a30e6f67c79ed66,9,0,9
451,MinecraftForge,331e6bcf623880216904345a9c51717f7276cc9a,9,0,9
452,androidannotations,7043de43abdcb8522c92b49f91b4515361b1a15f,8,4,30
